Blaze,Buttercup,Coco,Cookie,Daffodil,Dapper,Dazzle,Doodle,Dottie,Giggles,Glimmer,Glitch,Gypsy,Jammer,Jellybean,Paws,Quest,Ragnarok,Raven,Shazam,Skittles,Snickers,Storm,Sunny,Tacos,Titan,Tootsie,Waffles,Whimsy,Whisker
2908,2902,2902,2901,2904,2901,2911,2902,2909,2901,2902,2901,2905,2905,2902,2907,2908,2904,2911,2906,2901,2903,2903,2901,2901,2902,2901,2901,2908,2902
2910,2904,2904,2902,2905,2902,2912,2904,2913,2902,2903,2904,2907,2908,2904,2912,2912,2905,2912,2910,2903,2910,2905,2902,2905,2911,2902,2914,2919,2903
2915,2905,2905,2905,2906,2904,2913,2906,2916,2905,2906,2910,2908,2915,2911,2913,2915,2908,2913,2912,2906,2912,2908,2907,2924,2915,2906,2922,2920,2907
2917,2907,2907,2906,2913,2905,2914,2907,2921,2911,2909,2913,2916,2916,2916,2915,2916,2919,2920,2914,2907,2914,2910,2908,2925,2921,2916,2938,2922,2911
2919,2908,2908,2907,2916,2907,2920,2908,2922,2913,2910,2917,2918,2920,2930,2919,2917,2923,2923,2918,2908,2918,2911,2913,2926,2922,2922,3009,2927,2913
2920,2910,2909,2909,2919,2908,2925,2918,2925,2919,2914,2925,2923,2923,2933,2920,2919,2927,2924,2920,2909,2919,2914,2915,2928,2923,2925,3010,2932,2918
2922,2914,2911,2910,2920,2910,2934,2919,2927,2925,2918,2929,2926,2924,2938,2924,2920,2929,2925,2921,2914,2927,2916,2922,2935,2927,2926,3016,2934,2924
2925,2919,2916,2913,2922,2922,3016,2921,2928,2929,2925,2931,2927,2929,3002,2925,2922,2934,2928,2930,2915,2928,2920,2927,2938,2929,2927,3018,2935,2925
2931,2923,2919,2918,2933,2924,3018,2922,2930,2931,2927,2937,2928,2934,3013,2926,2924,2936,2930,2933,2921,2930,2921,2928,3006,2932,2928,3019,2939,2926
2935,2925,2920,2927,2934,2926,3021,2926,2933,2938,2928,3006,2934,2937,3023,2930,2928,3002,2932,2935,2927,2932,2922,2930,3007,2933,2929,3021,2940,2928
2939,2926,2922,2928,2935,2929,3022,2932,2936,2939,2931,3007,2935,2939,3027,2931,2930,3003,2938,2939,2928,2935,2923,2932,3008,2936,2930,3023,3005,2931
3002,2928,2924,2929,2936,2935,3023,2933,3002,3002,2935,3009,2939,3005,3032,2938,2933,3006,2940,2940,2930,2936,2927,2934,3010,2938,2932,3031,3015,2935
3003,2931,2929,2936,2937,2937,3024,2936,3005,3011,2937,3010,3008,3008,3036,2939,2940,3011,3002,3001,2934,2940,2929,3001,3017,3002,2933,3032,3018,2936
3004,2934,2932,3008,2939,3001,3026,2937,3008,3014,2940,3016,3010,3012,3037,3003,3008,3015,3003,3005,2937,3006,2933,3002,3020,3003,2935,3033,3019,2937
3005,2935,3003,3012,3006,3002,3028,2938,3014,3017,3003,3018,3013,3014,3041,3019,3009,3022,3006,3006,2938,3008,2937,3005,3022,3007,3009,3034,3021,2938
3007,2938,3004,3016,3007,3004,3030,2940,3015,3023,3007,3020,3017,3015,3044,3021,3013,3024,3010,3010,3003,3011,2939,3007,3023,3014,3010,3038,3028,2940
3010,2940,3005,3020,3016,3006,3032,3001,3017,3025,3016,3027,3018,3023,3046,3024,3015,3025,3012,3011,3005,3022,2940,3012,3024,3020,3011,3042,3029,3001
3017,3002,3006,3021,3022,3008,3034,3003,3024,3035,3017,3031,3019,3027,3052,3029,3018,3028,3014,3016,3007,3024,3005,3013,3026,3024,3014,3045,3030,3002
3021,3003,3009,3022,3023,3009,3037,3007,3025,3038,3023,3032,3023,3037,3053,3031,3025,3030,3016,3017,3012,3026,3009,3014,3029,3025,3016,3102,3033,3003
3023,3004,3010,3028,3024,3010,3040,3012,3027,3052,3024,3034,3033,3040,3055,3033,3026,3034,3021,3026,3013,3028,3017,3019,3030,3026,3020,3104,3035,3004
3030,3007,3013,3036,3025,3017,3046,3014,3035,3056,3025,3040,3037,3053,3056,3037,3029,3037,3022,3028,3017,3034,3027,3022,3035,3029,3021,3108,3040,3005
3031,3008,3017,3044,3028,3020,3051,3022,3036,3057,3032,3041,3044,3057,3057,3039,3030,3041,3023,3031,3041,3042,3028,3026,3036,3033,3023,3112,3046,3006
3032,3009,3018,3046,3029,3029,3055,3026,3045,3058,3033,3042,3045,3058,3101,3043,3037,3043,3031,3032,3043,3055,3036,3040,3037,3035,3024,3113,3053,3007
3033,3015,3021,3047,3030,3036,3058,3028,3053,3106,3036,3044,3051,3102,3103,3046,3041,3046,3033,3035,3044,3057,3037,3042,3039,3040,3027,3117,3054,3008
3038,3016,3022,3051,3032,3042,3102,3032,3054,3109,3038,3047,3053,3103,3109,3047,3042,3051,3034,3039,3053,3058,3039,3103,3041,3043,3029,3118,3104,3016
3042,3018,3025,3053,3035,3046,3103,3036,3055,3118,3039,3054,3054,3104,3113,3055,3043,3054,3037,3040,3059,3103,3046,3105,3046,3051,3031,3123,3106,3020
3045,3020,3026,3054,3038,3052,3104,3040,3057,3119,3046,3056,3059,3106,3116,3057,3044,3058,3044,3045,3103,3104,3054,3109,3047,3056,3033,3124,3107,3023
3051,3025,3027,3055,3040,3054,3107,3046,3102,3120,3051,3057,3105,3108,3119,3103,3051,3059,3051,3052,3104,3105,3057,3113,3051,3058,3034,3125,3110,3025
3053,3026,3028,3102,3044,3059,3113,3107,3110,3122,3055,3101,3108,3111,3120,3105,3052,3105,3054,3053,3106,3106,3102,3116,3054,3059,3045,3127,3121,3026
3055,3027,3032,3105,3053,3105,3115,3108,3115,3129,3056,3104,3110,3114,3124,3106,3101,3108,3055,3054,3108,3109,3105,3117,3055,3102,3046,3130,3133,3030
3103,3034,3034,3106,3057,3108,3116,3109,3122,3130,3109,3108,3113,3118,3129,3117,3102,3110,3057,3114,3113,3114,3112,3118,3101,3105,3053,3134,3136,3037
3104,3035,3037,3107,3059,3110,3118,3114,3124,3135,3111,3113,3114,3120,3130,3119,3105,3111,3102,3115,3124,3115,3114,3128,3102,3106,3055,3139,3139,3042
3111,3037,3043,3109,3101,3115,3119,3117,3128,3136,3116,3117,3118,3121,3139,3120,3106,3115,3103,3116,3125,3116,3122,3129,3104,3116,3059,3140,3140,3044
3119,3040,3047,3111,3103,3117,3122,3122,3132,3137,3117,3123,3126,3122,3141,3124,3108,3117,3104,3125,3127,3118,3129,3130,3105,3118,3102,3143,3142,3051
3120,3042,3053,3114,3106,3118,3123,3125,3133,3142,3122,3125,3127,3126,3143,3126,3109,3127,3110,3127,3129,3119,3131,3133,3110,3123,3107,3145,3149,3056
3121,3043,3056,3119,3112,3121,3128,3130,3136,3143,3125,3126,3128,3127,3145,3129,3112,3131,3114,3131,3131,3121,3132,3136,3132,3124,3113,3153,3150,3057
3127,3044,3059,3120,3115,3122,3132,3137,3140,3144,3126,3133,3130,3131,3160,3130,3117,3133,3117,3132,3135,3123,3135,3139,3137,3126,3114,3157,3156,3101
3131,3055,3103,3123,3116,3125,3135,3138,3143,3145,3127,3136,3143,3142,3167,3134,3118,3140,3118,3134,3137,3125,3140,3141,3143,3129,3117,3160,3158,3104
3133,3058,3106,3125,3117,3127,3137,3145,3146,3148,3128,3137,3145,3148,3201,3135,3120,3143,3130,3135,3138,3127,3142,3143,3145,3130,3121,3163,3162,3107
3135,3101,3111,3134,3119,3128,3139,3148,3149,3154,3130,3144,3148,3149,3204,3137,3128,3145,3131,3140,3139,3137,3144,3144,3157,3134,3124,3202,3169,3108
3138,3104,3114,3137,3123,3132,3141,3159,3153,3159,3135,3147,3154,3154,3207,3138,3133,3148,3135,3142,3141,3139,3158,3155,3162,3135,3125,3203,3204,3110
3141,3107,3123,3142,3129,3138,3145,3161,3159,3162,3136,3148,3157,3155,3209,3140,3134,3150,3136,3146,3145,3141,3159,3161,3168,3139,3130,3206,3207,3111
3148,3108,3125,3144,3130,3141,3147,3168,3162,3163,3137,3156,3163,3160,3212,3142,3136,3153,3141,3149,3147,3142,3160,3167,3169,3140,3138,3209,3213,3125
3151,3112,3128,3147,3138,3146,3151,3209,3166,3169,3139,3159,3201,3167,3213,3145,3138,3155,3145,3154,3148,3147,3161,3168,3170,3142,3139,3210,3217,3129
3156,3115,3129,3151,3151,3149,3156,3213,3169,3170,3140,3164,3206,3168,3214,3146,3141,3166,3148,3161,3156,3149,3163,3206,3206,3146,3140,3220,3220,3133
3159,3118,3130,3155,3158,3150,3159,3215,3201,3203,3147,3211,3209,3203,3219,3154,3142,3167,3153,3164,3160,3150,3167,3214,3208,3148,3141,3224,3224,3136
3165,3122,3131,3162,3162,3153,3160,3219,3202,3204,3148,3218,3213,3205,3221,3156,3147,3169,3158,3166,3167,3157,3170,3217,3209,3150,3143,3225,3225,3138
3169,3129,3132,3167,3204,3158,3161,3220,3203,3208,3150,3219,3217,3208,3222,3160,3148,3170,3160,3168,3168,3162,3201,3221,3214,3153,3149,3229,3230,3153
3212,3131,3133,3169,3211,3160,3162,3223,3204,3211,3159,3225,3219,3209,3223,3161,3149,3204,3167,3203,3201,3168,3203,3224,3215,3159,3151,3233,3231,3154
3213,3132,3134,3201,3213,3163,3164,3227,3206,3214,3163,3232,3222,3210,3224,3166,3157,3205,3212,3204,3202,3203,3206,3225,3220,3161,3154,3234,3233,3155
3224,3133,3139,3203,3215,3203,3168,3232,3219,3215,3169,3237,3224,3221,3228,3203,3158,3207,3221,3206,3203,3205,3208,3229,3221,3164,3156,3240,3239,3158
3227,3139,3140,3204,3216,3204,3203,3234,3221,3216,3204,3241,3225,3225,3229,3204,3161,3208,3223,3213,3209,3207,3209,3232,3222,3167,3165,3241,3240,3160
3228,3140,3144,3205,3217,3206,3204,3245,3222,3218,3205,3242,3229,3231,3230,3205,3202,3210,3225,3214,3220,3210,3210,3234,3224,3204,3169,3242,3241,3164
3230,3141,3151,3207,3226,3208,3207,3252,3226,3222,3211,3244,3231,3233,3232,3206,3207,3211,3227,3217,3226,3211,3211,3236,3229,3207,3203,3243,3249,3166
3232,3143,3153,3208,3227,3213,3208,3256,3227,3223,3212,3245,3233,3235,3234,3212,3208,3213,3237,3218,3228,3212,3215,3237,3234,3209,3205,3245,3252,3167
3235,3145,3154,3212,3228,3214,3212,3257,3229,3224,3215,3248,3239,3238,3236,3217,3210,3214,3240,3219,3231,3215,3217,3248,3241,3212,3208,3246,3256,3169
3236,3147,3158,3219,3236,3219,3218,3261,3231,3228,3223,3250,3243,3240,3237,3222,3212,3215,3241,3220,3232,3217,3220,3249,3242,3214,3211,3248,3258,3201
3241,3154,3161,3227,3240,3220,3220,3263,3233,3229,3228,3251,3245,3241,3238,3224,3213,3221,3242,3225,3235,3221,3222,3251,3243,3216,3212,3249,3260,3211
3242,3155,3163,3235,3244,3223,3221,3268,3234,3233,3234,3253,3246,3244,3241,3225,3215,3222,3256,3230,3236,3223,3231,3256,3248,3220,3214,3251,3262,3215
3244,3164,3165,3240,3252,3226,3223,3301,3235,3240,3235,3254,3248,3253,3243,3230,3218,3223,3259,3235,3238,3227,3237,3257,3252,3221,3221,3257,3266,3219
3258,3168,3169,3241,3255,3227,3224,3309,3236,3242,3240,3255,3252,3259,3245,3235,3219,3225,3261,3237,3242,3231,3239,3258,3253,3222,3223,3261,3267,3222
3261,3169,3201,3244,3256,3231,3225,3310,3239,3245,3242,3256,3256,3260,3247,3236,3220,3233,3266,3240,3245,3232,3244,3259,3254,3224,3225,3262,3307,3229
3265,3204,3204,3246,3258,3233,3226,3311,3240,3249,3243,3258,3267,3262,3253,3238,3224,3239,3301,3241,3246,3244,3255,3265,3255,3230,3229,3264,3309,3230
3266,3206,3207,3248,3261,3234,3229,3312,3242,3256,3245,3260,3301,3265,3258,3240,3227,3244,3303,3248,3248,3246,3256,3302,3259,3238,3233,3268,3315,3236
3267,3210,3209,3249,3264,3235,3230,3314,3244,3260,3248,3263,3303,3303,3261,3250,3231,3248,3304,3249,3251,3247,3259,3304,3263,3242,3239,3305,3316,3237
3307,3216,3217,3250,3268,3237,3231,3316,3251,3267,3250,3266,3304,3305,3264,3260,3232,3249,3305,3253,3261,3255,3264,3312,3268,3245,3240,3314,3321,3238
3309,3223,3218,3253,3304,3240,3238,3319,3254,3301,3261,3301,3308,3307,3267,3263,3240,3261,3307,3256,3264,3266,3266,3313,3302,3248,3250,3321,3323,3239
3311,3227,3219,3255,3308,3241,3239,3320,3256,3308,3265,3308,3310,3310,3302,3301,3242,3262,3308,3257,3267,3302,3304,3316,3303,3252,3252,3404,3324,3243
3314,3228,3224,3258,3309,3242,3243,3321,3257,3310,3266,3310,3313,3315,3310,3302,3249,3267,3310,3262,3268,3305,3308,3321,3312,3260,3256,3409,3325,3247
3325,3229,3226,3266,3313,3243,3246,3323,3263,3312,3268,3312,3314,3318,3314,3303,3250,3301,3317,3263,3305,3309,3312,3323,3316,3261,3258,3410,3326,3250
3326,3232,3228,3267,3315,3247,3250,3325,3265,3316,3305,3315,3320,3322,3315,3304,3252,3304,3320,3264,3306,3312,3316,3326,3319,3262,3265,3415,3327,3251
3405,3245,3229,3301,3322,3249,3252,3327,3266,3321,3307,3325,3326,3323,3316,3309,3254,3307,3321,3301,3307,3313,3318,3328,3321,3263,3268,3416,3411,3265
3408,3247,3236,3302,3323,3250,3254,3403,3268,3323,3310,3329,3327,3324,3321,3310,3261,3310,3325,3304,3314,3323,3329,3329,3323,3266,3304,3419,3413,3305
3414,3248,3240,3304,3404,3251,3255,3405,3301,3324,3317,3402,3401,3326,3322,3312,3263,3311,3327,3309,3315,3324,3330,3330,3325,3306,3309,3501,3416,3307
3416,3249,3250,3306,3406,3252,3266,3406,3307,3325,3318,3404,3404,3327,3323,3315,3305,3312,3328,3311,3316,3326,3403,3401,3404,3316,3312,3502,3418,3308
3417,3253,3253,3309,3409,3254,3301,3413,3309,3329,3319,3408,3405,3330,3325,3316,3314,3314,3405,3312,3321,3327,3404,3402,3408,3319,3316,3504,3420,3312
3418,3254,3259,3319,3410,3255,3304,3418,3310,3330,3327,3415,3407,3412,3330,3324,3316,3318,3408,3316,3324,3328,3418,3406,3412,3324,3321,3505,3421,3316
3421,3255,3260,3322,3413,3261,3305,3420,3311,3407,3330,3416,3411,3414,3402,3326,3317,3319,3410,3325,3409,3330,3421,3408,3414,3325,3324,3506,3506,3323
3504,3259,3261,3328,3414,3264,3311,3501,3313,3411,3401,3418,3419,3416,3404,3328,3320,3321,3412,3328,3410,3405,3506,3411,3417,3327,3325,3507,3507,3325
3507,3262,3262,3402,3415,3265,3312,3504,3319,3421,3407,3420,3420,3419,3409,3330,3321,3329,3418,3329,3414,3408,3508,3420,3420,3402,3326,3509,3510,3327
3513,3267,3267,3403,3416,3315,3322,3505,3326,3502,3408,3421,3422,3421,3418,3401,3326,3401,3419,3330,3419,3415,3509,3501,3422,3404,3405,3511,3512,3329
3521,3304,3301,3404,3502,3318,3324,3509,3328,3508,3417,3506,3511,3502,3419,3403,3329,3406,3501,3414,3502,3416,3511,3508,3501,3408,3407,3513,3513,3404
3526,3308,3307,3405,3510,3320,3325,3511,3330,3509,3419,3507,3515,3503,3503,3409,3330,3407,3506,3416,3505,3418,3518,3512,3503,3413,3410,3514,3515,3407
3528,3309,3312,3406,3522,3324,3402,3512,3401,3523,3421,3509,3516,3510,3506,3412,3403,3408,3507,3502,3506,3503,3519,3514,3514,3414,3416,3516,3524,3409
3538,3312,3315,3415,3523,3330,3407,3515,3403,3524,3502,3511,3517,3514,3510,3414,3405,3409,3508,3503,3507,3506,3523,3516,3516,3416,3419,3519,3526,3410
3545,3320,3316,3416,3526,3404,3409,3517,3408,3528,3504,3513,3518,3516,3513,3415,3406,3411,3510,3505,3509,3509,3528,3520,3517,3419,3502,3523,3527,3412
3548,3323,3317,3501,3534,3406,3410,3521,3409,3530,3505,3514,3520,3519,3514,3416,3410,3415,3518,3506,3516,3510,3529,3521,3520,3503,3503,3524,3528,3413
3549,3326,3324,3502,3538,3412,3411,3526,3410,3535,3507,3518,3524,3522,3517,3418,3414,3419,3522,3508,3517,3513,3530,3526,3521,3507,3505,3533,3531,3419
3553,3329,3405,3506,3547,3417,3412,3527,3419,3536,3510,3521,3525,3524,3522,3501,3416,3422,3533,3513,3524,3514,3532,3527,3524,3513,3515,3535,3549,3501
3556,3401,3406,3512,3549,3418,3419,3528,3420,3540,3518,3528,3531,3527,3529,3502,3417,3501,3539,3517,3526,3515,3534,3531,3530,3518,3517,3537,3550,3502
3558,3402,3410,3517,3552,3422,3501,3532,3421,3543,3519,3532,3533,3534,3534,3506,3501,3504,3550,3519,3534,3523,3544,3538,3532,3522,3519,3542,3554,3504
3561,3410,3412,3522,3560,3503,3502,3534,3422,3546,3524,3547,3534,3535,3537,3507,3503,3506,3556,3522,3540,3524,3547,3542,3536,3527,3520,3543,3555,3509
3565,3415,3419,3523,3572,3508,3507,3545,3502,3547,3526,3548,3538,3537,3545,3527,3504,3512,3557,3524,3546,3526,3548,3545,3544,3529,3521,3544,3564,3518
3568,3504,3503,3524,3577,3512,3512,3546,3503,3548,3527,3550,3542,3538,3547,3532,3507,3517,3558,3525,3547,3527,3553,3547,3545,3530,3527,3545,3568,3523
3575,3505,3505,3535,3601,3521,3521,3549,3504,3550,3528,3554,3544,3541,3556,3533,3508,3520,3561,3529,3549,3530,3556,3550,3550,3533,3533,3546,3569,3530
3577,3506,3506,3544,3602,3523,3527,3551,3506,3551,3537,3559,3545,3546,3559,3534,3510,3523,3562,3531,3550,3536,3558,3553,3552,3534,3535,3547,3573,3533
3601,3507,3513,3549,3603,3528,3530,3560,3510,3564,3538,3561,3547,3548,3564,3542,3511,3525,3567,3533,3552,3537,3559,3556,3554,3540,3538,3553,3576,3539
3603,3509,3517,3559,3604,3534,3531,3562,3511,3568,3539,3564,3554,3549,3567,3543,3512,3528,3577,3537,3555,3543,3561,3557,3556,3544,3539,3559,3606,3540
3606,3511,3526,3564,3607,3536,3533,3563,3512,3577,3540,3567,3559,3551,3568,3547,3515,3529,3601,3542,3556,3546,3562,3561,3561,3549,3541,3566,3607,3541
3607,3512,3530,3566,3611,3548,3540,3566,3516,3606,3543,3569,3560,3552,3575,3548,3519,3530,3606,3543,3557,3548,3563,3601,3563,3560,3547,3567,3609,3544
3609,3513,3531,3568,3617,3549,3541,3569,3520,3608,3547,3574,3564,3553,3576,3552,3529,3531,3608,3551,3560,3550,3564,3602,3564,3561,3551,3569,3611,3550
3611,3518,3547,3606,3623,3554,3542,3570,3521,3611,3557,3577,3566,3560,3601,3554,3530,3532,3610,3555,3568,3553,3565,3608,3565,3562,3557,3572,3616,3554
3614,3524,3551,3610,3626,3557,3544,3571,3523,3612,3563,3607,3568,3563,3604,3556,3538,3533,3612,3556,3571,3556,3569,3611,3574,3563,3563,3576,3620,3561
3615,3526,3553,3613,3627,3562,3546,3573,3525,3617,3567,3609,3570,3565,3608,3563,3541,3536,3614,3560,3572,3557,3575,3624,3606,3567,3566,3602,3627,3567
3621,3530,3556,3615,3633,3563,3548,3576,3532,3619,3573,3611,3571,3571,3609,3565,3542,3538,3615,3561,3575,3565,3576,3625,3610,3570,3568,3606,3629,3568
3622,3535,3566,3618,3634,3565,3551,3577,3533,3630,3575,3614,3573,3573,3620,3566,3543,3539,3616,3563,3604,3567,3601,3626,3611,3577,3570,3608,3632,3571
3623,3549,3568,3619,3635,3569,3553,3608,3535,3634,3601,3617,3574,3575,3625,3570,3544,3545,3617,3564,3607,3568,3602,3632,3620,3608,3571,3610,3639,3576
3630,3551,3571,3622,3639,3577,3558,3613,3543,3639,3603,3620,3601,3576,3629,3606,3552,3547,3618,3565,3609,3569,3608,3636,3624,3609,3573,3620,3645,3602
3632,3552,3576,3626,3640,3603,3559,3615,3553,3640,3604,3623,3606,3605,3630,3618,3555,3548,3620,3572,3612,3574,3609,3639,3627,3610,3574,3622,3649,3612
3633,3556,3607,3627,3649,3620,3561,3618,3559,3642,3605,3626,3608,3611,3631,3619,3556,3551,3621,3573,3615,3577,3621,3641,3640,3618,3604,3625,3706,3616
3635,3558,3609,3629,3702,3631,3567,3624,3565,3645,3607,3627,3615,3616,3645,3622,3560,3552,3622,3574,3616,3607,3624,3642,3641,3621,3608,3630,3708,3617
3637,3559,3616,3634,3706,3633,3572,3626,3567,3648,3609,3631,3623,3617,3649,3625,3562,3555,3630,3601,3626,3610,3625,3644,3642,3622,3611,3634,3710,3619
3643,3563,3621,3635,3711,3635,3577,3627,3569,3702,3610,3635,3627,3625,3701,3627,3564,3558,3631,3605,3627,3612,3626,3647,3646,3625,3616,3640,3714,3621
3645,3566,3626,3648,3713,3637,3602,3634,3612,3707,3613,3640,3629,3627,3706,3628,3566,3559,3632,3609,3634,3615,3639,3648,3647,3629,3617,3644,3722,3622
3646,3573,3628,3701,3721,3639,3604,3650,3615,3709,3615,3644,3631,3632,3708,3634,3567,3560,3635,3612,3635,3619,3642,3649,3648,3631,3618,3648,3724,3629
3647,3574,3633,3702,3724,3645,3607,3701,3616,3712,3617,3646,3632,3634,3712,3636,3572,3562,3636,3614,3638,3621,3643,3702,3650,3638,3621,3702,3726,3631
3649,3605,3637,3704,3725,3647,3609,3702,3617,3714,3621,3649,3646,3635,3713,3640,3575,3564,3639,3615,3644,3624,3646,3708,3702,3642,3624,3707,3729,3643
3708,3614,3639,3706,3729,3649,3615,3707,3618,3718,3631,3704,3650,3645,3714,3643,3618,3568,3640,3617,3650,3629,3647,3709,3706,3643,3625,3715,3730,3645
3710,3617,3646,3707,3733,3650,3618,3710,3619,3719,3633,3707,3704,3647,3717,3647,3624,3571,3643,3618,3702,3630,3703,3710,3714,3649,3626,3716,3734,3646
3711,3627,3647,3708,3734,3702,3621,3716,3626,3720,3639,3710,3710,3704,3719,3704,3626,3574,3650,3620,3707,3631,3706,3711,3715,3650,3629,3719,3736,3703
3713,3633,3648,3712,3735,3704,3623,3721,3628,3723,3640,3717,3714,3705,3721,3706,3629,3575,3706,3621,3710,3633,3711,3717,3717,3701,3630,3721,3737,3704
3714,3634,3701,3717,3736,3705,3628,3723,3630,3724,3646,3718,3718,3707,3722,3708,3631,3607,3709,3625,3720,3635,3714,3719,3718,3703,3631,3724,3738,3707
3717,3635,3706,3718,3737,3712,3630,3724,3631,3729,3704,3722,3727,3709,3725,3710,3634,3617,3711,3626,3723,3639,3718,3721,3720,3708,3640,3725,3745,3708
3720,3641,3709,3719,3739,3718,3634,3726,3633,3730,3706,3724,3730,3716,3726,3714,3636,3621,3712,3630,3724,3640,3719,3722,3723,3709,3642,3727,3746,3711
3729,3643,3716,3722,3746,3720,3639,3728,3636,3733,3708,3725,3731,3717,3727,3717,3640,3622,3714,3631,3725,3644,3720,3730,3728,3714,3646,3731,3748,3717
3733,3645,3717,3723,3751,3723,3640,3731,3637,3734,3714,3726,3733,3718,3729,3721,3643,3627,3719,3633,3726,3650,3721,3731,3729,3716,3647,3732,3749,3720
3740,3648,3721,3724,3752,3725,3649,3738,3638,3735,3724,3729,3736,3720,3731,3724,3644,3628,3720,3635,3729,3703,3724,3740,3730,3718,3701,3734,3751,3727
3744,3714,3725,3728,3756,3730,3650,3739,3641,3739,3726,3730,3741,3728,3733,3725,3645,3632,3721,3636,3731,3708,3726,3743,3731,3720,3702,3737,3753,3729
3746,3719,3726,3733,3757,3731,3701,3741,3644,3740,3728,3733,3744,3731,3746,3728,3648,3633,3728,3637,3732,3709,3727,3747,3734,3722,3705,3745,3754,3730
3748,3720,3730,3734,3801,3732,3704,3744,3650,3742,3731,3735,3757,3741,3747,3738,3649,3634,3733,3638,3734,3715,3735,3748,3736,3723,3711,3747,3802,3735
3753,3722,3731,3737,3804,3733,3709,3745,3701,3746,3740,3737,3902,3746,3748,3745,3703,3639,3738,3639,3737,3717,3741,3751,3738,3727,3715,3748,3803,3736
3756,3733,3733,3739,3901,3737,3712,3746,3709,3747,3742,3740,3903,3749,3750,3748,3704,3641,3739,3640,3738,3718,3743,3753,3741,3731,3717,3750,3804,3742
3801,3740,3738,3741,3907,3738,3715,3748,3719,3748,3743,3744,3909,3757,3753,3756,3706,3650,3751,3650,3741,3723,3748,3754,3745,3732,3723,3802,3805,3746
3803,3742,3739,3750,3908,3748,3716,3755,3720,3753,3749,3745,3911,3804,3804,3803,3708,3701,3752,3703,3746,3724,3801,3756,3748,3741,3727,3805,3902,3747
3804,3743,3740,3753,3911,3749,3727,3802,3724,3801,3750,3748,3912,3805,3902,3903,3709,3703,3756,3707,3748,3726,3804,3802,3749,3745,3732,3907,3903,3753
3901,3745,3741,3755,3916,3750,3728,3903,3725,3804,3751,3754,3915,3901,3908,3906,3714,3707,3757,3720,3749,3728,3901,3803,3751,3751,3735,3913,3904,3754
3904,3747,3743,3802,3917,3754,3741,3905,3734,3805,3802,3803,3916,3902,3909,3914,3725,3710,3803,3722,3751,3731,3902,3903,3752,3754,3740,3917,3905,3756
3906,3748,3747,3903,3918,3755,3744,3907,3739,3901,3904,3804,3921,3905,3917,3916,3726,3715,3805,3723,3756,3734,3905,3905,3901,3804,3741,3918,3909,3802
3908,3749,3754,3910,3921,3756,3746,3909,3740,3916,3907,3903,3927,3907,3922,3918,3729,3716,3902,3725,3802,3738,3906,3906,3902,3805,3743,3919,3912,3803
3910,3750,3755,3913,3922,3902,3747,3914,3751,3920,3914,3906,3929,3909,3927,3927,3736,3717,3903,3729,3902,3746,3907,3911,3904,3902,3744,3920,3914,3901
3911,3752,3757,3914,3926,3907,3748,3915,3755,3922,3919,3908,3930,3910,3928,3930,3737,3721,3905,3730,3903,3751,3913,3914,3906,3904,3751,3921,3917,3904
3914,3753,3803,3919,3930,3911,3750,3916,3802,3928,3930,3925,3931,3916,3929,3931,3738,3723,3907,3734,3905,3755,3914,3920,3912,3905,3805,3930,3920,3906
3926,3757,3902,3920,3936,3912,3751,3928,3901,3930,3933,3926,3933,3917,3930,3933,3740,3724,3908,3736,3907,3757,3915,3922,3913,3917,3901,3931,3921,3909
3927,3801,3906,3924,3940,3914,3753,3929,3902,3932,3936,3932,3938,3918,3936,3934,3746,3731,3911,3740,3908,3801,3916,3928,3916,3920,3903,3932,3922,3912
3928,3901,3908,3928,3942,3920,3756,3932,3914,3935,3937,3935,3940,3919,3938,3940,3748,3736,3913,3742,3910,3804,3918,3929,3918,3924,3905,3935,3925,3916
3929,3902,3911,3933,3946,3922,3757,3937,3917,3938,3938,3936,3944,3921,3939,3942,3749,3739,3915,3747,3913,3902,3937,3932,3920,3929,3906,3936,3927,3920
3932,3906,3912,3936,3947,3923,3804,3941,3924,3945,3945,3937,3953,3924,3943,3943,3750,3740,3918,3752,3914,3910,3939,3935,3926,3936,3907,3938,3929,3924
3935,3911,3913,3939,3955,3926,3901,3949,3929,3953,3949,3939,3954,3925,3951,3945,3756,3742,3919,3803,3928,3912,3940,3939,3927,3937,3912,3941,3930,3931
3936,3914,3915,3940,3957,3928,3908,3950,3931,3954,3954,3940,3955,3928,3952,3948,3757,3743,3928,3804,3933,3916,3941,3946,3931,3943,3914,3942,3932,3935
3938,3917,3920,3942,3959,3932,3909,3952,3932,3956,3956,3946,3961,3933,3953,3959,3801,3747,3929,3902,3940,3921,3942,3947,3936,3944,3915,3943,3934,3941
3940,3923,3926,3943,3961,3934,3916,3955,3936,3958,3961,3950,3963,3934,3957,3961,3802,3753,3930,3907,3944,3923,3945,3948,3940,3945,3937,3949,3935,3943
3943,3924,3927,3945,3963,3935,3919,3963,3938,3959,4008,3957,3964,3938,3962,3963,3905,3756,3939,3912,3945,3930,3959,3949,3943,3949,3945,3957,3936,3947
3945,3925,3928,3949,4002,3938,3924,4002,3943,3960,4009,3959,4002,3940,3964,3964,3906,3757,3944,3914,3947,3935,3961,3955,3948,3950,3946,3960,3939,3950
3948,3931,3931,3950,4003,3939,3925,4004,3947,4004,4010,3960,4003,3948,4002,4014,3912,3901,3946,3918,3952,3942,4001,3956,3954,3951,3948,3961,3944,3954
3953,3940,3932,3958,4006,3943,3926,4009,3951,4005,4011,3963,4006,3949,4005,4016,3916,3904,3949,3919,3954,3944,4004,3958,3959,3953,3952,3964,3945,3956
3956,3947,3935,3961,4017,3948,3927,4010,3954,4006,4013,4004,4014,3951,4007,4017,3918,3905,3953,3927,3956,3945,4005,3960,3962,3957,3953,4002,3946,3958
3958,3950,3942,3962,4020,3951,3934,4014,3959,4007,4015,4005,4015,3956,4010,4019,3919,3906,3954,3938,4004,3948,4006,3961,4008,3958,3956,4004,3947,3959
3961,3954,3944,3963,4021,3952,3941,4019,4001,4008,4016,4006,4016,3959,4011,4027,3930,3909,3955,3941,4005,3949,4011,3963,4010,3960,3957,4005,3951,3960
4004,3955,3946,4002,4027,3960,3948,4023,4002,4010,4019,4007,4018,3962,4021,4031,3935,3910,3959,3953,4006,3953,4013,4005,4012,3961,3960,4007,3953,4001
4007,3957,3953,4006,4028,3963,3949,4027,4004,4016,4021,4008,4020,3964,4022,4032,3939,3913,4003,3954,4007,3956,4018,4010,4017,3962,3961,4012,3956,4004
4012,3959,3959,4007,4030,3964,3950,4029,4008,4020,4022,4009,4022,4001,4023,4033,3943,3921,4010,3957,4009,3958,4020,4018,4020,3963,3962,4013,4002,4005
4013,3960,4006,4015,4036,4002,3951,4033,4010,4021,4024,4014,4023,4003,4028,4035,3949,3930,4015,4007,4013,3962,4022,4019,4023,3964,3964,4014,4005,4012
4014,4007,4014,4020,4039,4006,3955,4039,4012,4023,4031,4018,4026,4007,4029,4038,3951,3940,4016,4009,4017,3963,4024,4020,4026,4002,4001,4017,4006,4013
4015,4012,4021,4026,4040,4009,3961,4042,4016,4026,4035,4020,4033,4010,4034,4039,3952,3942,4018,4010,4018,3964,4025,4028,4028,4007,4005,4019,4009,4016
4016,4014,4028,4031,4042,4017,4005,4048,4019,4032,4041,4021,4036,4011,4037,4043,4001,3944,4019,4011,4019,4001,4027,4031,4029,4011,4011,4026,4015,4024
4023,4015,4029,4033,4044,4019,4006,4050,4021,4034,4043,4026,4038,4013,4039,4045,4009,3945,4021,4013,4022,4006,4031,4033,4030,4015,4013,4031,4016,4026
4031,4020,4034,4042,4045,4022,4010,4051,4024,4036,4044,4041,4040,4014,4042,4046,4011,3947,4022,4021,4024,4009,4033,4037,4032,4023,4018,4034,4019,4028
4032,4024,4035,4046,4046,4026,4011,4053,4029,4037,4053,4044,4043,4015,4045,4053,4013,3949,4024,4023,4026,4010,4034,4040,4033,4024,4019,4035,4020,4029
4035,4025,4036,4048,4048,4031,4013,4056,4035,4039,4055,4046,4045,4016,4047,4054,4027,3957,4031,4029,4035,4013,4037,4041,4037,4028,4020,4037,4022,4034
4039,4034,4038,4050,4050,4033,4016,4057,4036,4042,4064,4048,4047,4017,4050,4056,4035,4001,4032,4031,4037,4017,4039,4042,4038,4029,4022,4038,4026,4037
4042,4043,4045,4053,4051,4038,4017,4058,4042,4043,4065,4055,4051,4020,4057,4061,4038,4003,4036,4032,4040,4027,4045,4048,4042,4037,4024,4039,4027,4040
4044,4053,4046,4054,4053,4043,4020,4062,4045,4050,4066,4062,4058,4024,4058,4069,4040,4013,4044,4033,4052,4028,4049,4051,4044,4039,4026,4041,4029,4045
4047,4056,4047,4055,4055,4049,4032,4068,4047,4051,4067,4202,4059,4026,4064,4201,4049,4018,4045,4035,4054,4030,4050,4052,4045,4040,4027,4042,4039,4047
4048,4062,4048,4056,4201,4053,4035,4070,4050,4053,4068,4206,4066,4030,4066,4205,4051,4029,4047,4036,4058,4031,4052,4053,4051,4042,4028,4049,4044,4059
4049,4066,4049,4060,4203,4058,4037,4201,4053,4055,4070,4207,4067,4035,4067,4209,4054,4030,4052,4039,4060,4036,4056,4054,4052,4048,4032,4051,4046,4060
4050,4071,4052,4070,4207,4060,4041,4202,4056,4058,4071,4209,4069,4036,4068,4212,4055,4037,4054,4043,4064,4037,4057,4060,4059,4049,4038,4057,4048,4061
4052,4201,4055,4071,4208,4062,4048,4204,4062,4060,4201,4210,4202,4038,4069,4214,4056,4043,4057,4044,4066,4041,4058,4061,4060,4053,4040,4058,4052,4062
4053,4203,4060,4204,4210,4070,4049,4205,4070,4061,4203,4213,4203,4039,4070,4216,4062,4051,4061,4050,4067,4044,4059,4068,4064,4055,4043,4060,4053,4066
4054,4204,4065,4205,4211,4202,4055,4207,4208,4062,4209,4214,4206,4045,4201,4217,4067,4069,4208,4051,4071,4047,4071,4201,4066,4056,4045,4062,4059,4069
4055,4213,4069,4209,4216,4206,4056,4208,4212,4067,4210,4218,4207,4046,4202,4219,4069,4210,4218,4058,4201,4048,4201,4204,4068,4058,4047,4064,4067,4070
4060,4214,4205,4211,4217,4208,4059,4209,4213,4204,4218,4220,4208,4052,4205,4223,4201,4211,4219,4062,4213,4054,4204,4205,4201,4062,4051,4071,4201,4071
4062,4216,4207,4212,4218,4209,4060,4214,4215,4211,4221,4221,4212,4053,4207,4224,4204,4212,4221,4068,4218,4065,4206,4209,4203,4065,4062,4201,4204,4207
4067,4220,4209,4213,4219,4213,4062,4215,4218,4214,4223,4222,4215,4055,4212,4225,4205,4215,4224,4069,4219,4068,4212,4211,4205,4067,4065,4202,4210,4208
4068,4221,4210,4216,4230,4217,4064,4219,4220,4219,4225,4223,4217,4057,4214,4232,4219,4216,4225,4211,4222,4069,4221,4217,4206,4068,4201,4204,4211,4210
4206,4222,4219,4223,4235,4218,4071,4221,4221,4222,4227,4224,4218,4059,4218,4236,4220,4217,4233,4214,4224,4206,4225,4221,4210,4204,4203,4207,4213,4215
4209,4224,4220,4224,4237,4223,4203,4225,4224,4232,4228,4230,4219,4069,4222,4237,4221,4218,4235,4218,4225,4214,4227,4222,4212,4207,4207,4216,4214,4217
4211,4228,4222,4226,4238,4225,4204,4227,4225,4235,4230,4231,4222,4070,4229,4302,4225,4220,4236,4225,4227,4215,4228,4226,4215,4211,4208,4218,4216,4218
4214,4229,4225,4227,4239,4226,4209,4230,4233,4237,4239,4236,4224,4201,4233,4502,4229,4221,4238,4231,4231,4219,4237,4227,4222,4213,4219,4227,4220,4219
4220,4230,4226,4231,4302,4228,4211,4232,4235,4302,4302,4237,4227,4203,4236,4504,4230,4222,4305,4234,4236,4220,4303,4230,4223,4216,4220,4231,4221,4220
4221,4233,4228,4234,4303,4231,4216,4239,4239,4504,4502,4238,4228,4204,4237,4510,4302,4224,4502,4238,4303,4222,4508,4233,4227,4218,4221,4234,4223,4221
4239,4234,4229,4237,4508,4236,4217,4305,4302,4505,4504,4239,4230,4217,4238,4511,4305,4228,4504,4239,4505,4230,4510,4234,4228,4219,4222,4235,4226,4226
4303,4239,4231,4239,4513,4237,4227,4502,4504,4511,4510,4304,4231,4218,4305,4515,4502,4230,4510,4304,4508,4235,4520,4502,4233,4221,4230,4237,4228,4227
4305,4302,4236,4504,4517,4238,4230,4510,4508,4515,4513,4502,4234,4224,4502,4516,4505,4233,4511,4502,4510,4236,4521,4513,4237,4225,4235,4302,4231,4228
4510,4305,4237,4505,4518,4302,4303,4511,4516,4517,4515,4504,4305,4237,4510,4519,4510,4239,4521,4504,4515,4302,4522,4515,4305,4230,4502,4513,4235,4229
4513,4505,4302,4516,4523,4510,4504,4517,4517,4518,4525,4513,4510,4303,4515,4525,4511,4302,4527,4513,4517,4508,4523,4517,4517,4234,4505,4516,4236,4238
4520,4513,4303,4522,4526,4513,4505,4521,4522,4519,4528,4516,4515,4511,4516,4526,4515,4305,4529,4517,4518,4513,4527,4521,4518,4239,4510,4519,4238,4303
4521,4521,4305,4525,4529,4521,4521,4526,4523,4520,4529,4517,4516,4523,4522,4528,4518,4516,4530,4521,4525,4517,4528,4525,4522,4502,4515,4520,4502,4510
4528,4523,4504,4529,4531,4526,4523,4529,4525,4521,4530,4518,4522,4525,4523,4530,4521,4519,4531,4522,4529,4519,4530,4528,4523,4513,4522,4521,4513,4511
4531,4525,4508,4531,99222,4528,4527,4530,4530,4528,4531,4519,4526,4529,4526,99222,4523,4526,99222,4529,4531,4526,99222,4529,4525,4528,4529,4531,4522,4518
18724300,4529,4519,18724300,18724300,4530,4530,99222,18724300,99222,18724300,4527,99222,4530,18724300,18724300,99222,4531,18724300,4530,18724300,4527,18724300,18724300,4531,4531,18724300,99222,4525,4519